# Review this file, then: python3 tools/derive_protocol_days.py --inject <file>
# Edit the "proposed" column. Blank leaves the current value alone.
protocol	stage	name	proposed	durationH	current	why	evidence
alphafold	s1	When to use AlphaFold vs a crystal structure	0		0		
alphafold	s2	1 — AlphaFold database (pre-computed models)	0		0		
alphafold	s3	2 — Understanding pLDDT (confidence score)	0		0		
alphafold	s4	3 — AlphaFold3 / ColabFold for custom predictions	0		0		
alphafold	s5	4 — PAE plot (for multimers)	0		0		
bca	s1	1 — BCA assay	0		0		
bca	s2	2 — Sample prep calculator	0		0		
crispr-ki	s1	1 — Clone gRNA into PX458	0		0		
crispr-ki	s2	Design &amp; order ssOligo insert	0		0		
crispr-ki	s3	Plasmid linearisation (BbsI digest)	0		0		
crispr-ki	s4	HiFi assembly &amp; transformation	0	16.0	0		overnight
crispr-ki	s5	2 — Plasmid donor design			0	NOT APPLIED: the px458 branch is numbered by workflow PHASE (1 clone gRNA, 2 donor design, 3 transfection), not by consecutive days. Those phases span weeks and overlap; the text does not say when each starts. Left at 0 for protoDays to learn against a real run.	overnight
crispr-ki	s6	3 — Transfection (Lipofectamine 3000)		24.0	0	NOT APPLIED: the px458 branch is numbered by workflow PHASE (1 clone gRNA, 2 donor design, 3 transfection), not by consecutive days. Those phases span weeks and overlap; the text does not say when each starts. Left at 0 for protoDays to learn against a real run.	Incubate 24.0 h
crispr-ki	s7	4 — FACS sorting &amp; clonal expansion			0	NOT APPLIED: the px458 branch is numbered by workflow PHASE (1 clone gRNA, 2 donor design, 3 transfection), not by consecutive days. Those phases span weeks and overlap; the text does not say when each starts. Left at 0 for protoDays to learn against a real run.	Incubate 24.0 h
crispr-ki	s8	5 — Clone screening			0	NOT APPLIED: the px458 branch is numbered by workflow PHASE (1 clone gRNA, 2 donor design, 3 transfection), not by consecutive days. Those phases span weeks and overlap; the text does not say when each starts. Left at 0 for protoDays to learn against a real run.	
crispr-ki	s9		0		0		
crispr-ki	s10	1 — ssODN design	0		0		
crispr-ki	s11	2 — RNP assembly (IDT Alt-R system)	0		0		
crispr-ki	s12	3 — Electroporation	0		0		
crispr-ki	s13	4 — Recovery &amp; clonal expansion	0		0		
crispr-ki	s14	5 — Genotyping HDR clones	0		0		
crispr-ki	s15		0		0		
crispr-ko	s1	ssOligo design &amp; order (IDT)	0		0		
crispr-ko	s2	Plasmid linearisation (BbsI digest)	0		0		
crispr-ko	s3	HiFi assembly &amp; transformation	0		0		
crispr-ko	s4	Day 0 — Cell seeding	0		0	stated in the stage name	Day 0 — Cell seeding
crispr-ko	s5	Day 1 — Transfection (FugeneHD, 6-well plate)	1		1	stated in the stage name	Day 1 — Transfection (FugeneHD, 6-well plate)
crispr-ko	s6	Day 2–3 — FACS sorting	2	24.0	2	stated in the stage name	Day 2–3 — FACS sorting
crispr-ko	s7		0		0		
crispr-ko	s8	Reconstitution — TracrRNA &amp; crRNA	0		0		
crispr-ko	s9	Reconstitution — Cas9	0		0		
crispr-ko	s10	Anneal TracrRNA + crRNA	0		0		
crispr-ko	s11	RNP complex formation (per 2 electroporations, ~0.4M cells)	0		0		
crispr-ko	s12	Cell preparation	0		0		
crispr-ko	s13	Electroporation	0	48.0	0		Leave cells 48.0 h
crispr-ko	s14	After electroporation — pool validation (before single-cell 	2		0	the previous stage ends with a wait	Leave cells 48.0 h
crispr-ko	s15		0		0		
ctg2	s1	Reagent preparation	0	16.0	0		overnight
ctg2	s2	Cell viability protocol		72.0	0	NOT APPLIED: the overnight is thawing CellTiter-Glo at 4 C the night before. Reagent prep, not a wait inside the assay — CTG is a one-day readout.	overnight
diann	s1	A — Data organisation	0		0		
diann	s2	B — FASTA file preparation	0		0		
diann	s3	C — DIA-NN processing setup	0		0		
diann	s4	D — Key output files	0		0		
fp	s1	Principle	0		0		
fp	s2	VHL FP assay — reagents	0		0		
fp	s3	VHL FP assay protocol	0		0		
fp	s4	CRBN FP assay — notes	0		0		
fp	s5	Cooperativity by FP	0		0		
geneseq	s1	1 — Obtain gene sequence (NCBI)	0		0		
geneseq	s2	2 — Import into SnapGene	0		0		
geneseq	s3	3 — Retrieve promoter (EPD)	0		0		
geneseq	s4	4 — Transcription factor binding sites	0		0		
geneseq	s5	5 — Final annotation in SnapGene	0		0		
gibson	s1	Overview — the 3-step workflow	0		0		
gibson	s2	1 — Design overlapping primers (before PCR)	0		0		
gibson	s3	2 — PCR → DpnI → gel purification (one continuous workflow)	0		0		
gibson	s4	3 — Gibson assembly reaction	0		0		
grna	s1	1 — Retrieve gene sequence (NCBI)	0		0		
grna	s2	2 — Select region of interest	0		0		
grna	s3	3 — Design gRNA candidates (IDT)	0		0		
grna	s4	4 — (Knock-in) design the donor template (ssODN)	0		0		
grna	s5	5 — Pre-plan controls and record-keeping	0		0		
hibit	s1		0		0		
hibitlytic	s1	Protocol	0	4.0	0		incubation as required (typically 4.0 h
ip	s1	Seeding &amp; treatment	0		0		
ip	s2	Lysis	0		0		
ip	s3	Immunoprecipitation (RBM39 IgG sc-376531 example)	0	16.0	0		overnight
ip	s4	Bead capture	1	1.0	0	the previous stage ends with a wait	overnight
ip	s5	Elution	1		0	follows the previous stage on the same day	
lenti	s1	Virus generation	0	24.0	0		Next day
lenti	s2	Harvest (24 h after media change)	1		0	the previous stage ends with a wait	Next day
lenti	s3	Viral infection	1	24.0	0	follows the previous stage on the same day	incubate ~24.0 h
miniprep	s1	1 — Harvest &amp; lyse	0		0		
miniprep	s2	2 — Bind, wash &amp; elute	0		0		
miseq	s1	1 — Design primers	0		0		
miseq	s2	2 — Test PCR (GoTAQ G2, optional)	0		0		
miseq	s3	3 — High-fidelity PCR for MiSeq submission	0		0		
miseq	s4	4 — Clean up (AMPure XP beads)	0		0		
miseq	s5	5 — Submission	0		0		
nucleospin	s1	PCR cleanup mode	0		0		
nucleospin	s2	Gel extraction mode	0		0		
pdb	s1	1 — Search for your protein	0		0		
pdb	s2	2 — Evaluate a structure before using it	0		0		
pdb	s3	3 — Download the structure	0		0		
pdb	s4	4 — Useful PDB tools	0		0		
perseus	s1	A — Import data	0		0		
perseus	s2	B — Sample annotation	0		0		
perseus	s3	C — Log&#8322; transformation	0		0		
perseus	s4	D — Filter contaminants and low-quality IDs	0		0		
perseus	s5	E — Filter by valid values	0		0		
perseus	s6	F — Missing value imputation	0		0		
perseus	s7	G — Exploratory analysis: PCA (optional but recommended)	0		0		
perseus	s8	H — Differential analysis: volcano plot	0		0		
perseus	s9	I — Export results	0		0		
pockets	s1	Case 1 — Structure has a known ligand (easiest)	0		0		
pockets	s2	Case 2 — Apo structure or no ligand (use CASTp)	0		0		
pockets	s3	Druggability assessment	0		0		
pockets	s4	Comparing pockets between structures (conformational changes	0		0		
pymol	s1	The PyMOL interface — what you're looking at	0		0		
pymol	s2	Loading a structure	0		0		
pymol	s3	Essential commands (type in the command line)	0		0		
pymol	s4	Useful selections	0		0		
pymol	s5	Aligning two structures	0		0		
pymolfig	s1	Standard figure setup	0		0		
pymolfig	s2	Useful colour schemes	0		0		
pymolfig	s3	H-bonds and interactions	0		0		
redigest	s1	1 — Choose your enzymes	0		0		
redigest	s2	2 — Digest reaction	0		0		
redigest	s3	3 — Gel verification and purification	0		0		
redigest	s4	4 — Dephosphorylation of vector (recommended for single dige	0		0		
redigest	s5	5 — Ligation	0	16.0	0		overnight
revtx	s1	Transfection conditions (per 12-well)	0		0		
revtx	s2	Cell seeding	0		0		
revtx	s3	Procedure	0		0		
scs	s1	Make conditioned media	0		0		
scs	s2	24 h before sorting — prepare 96-well plates	0		0		
scs	s3	1–2 h before sorting	0		0		
scs	s4	30 min before sorting	0		0		
scs	s5	At the sorting facility	0		0		
scs	s6	Clone expansion	0		0		
seeding	s1	Procedure	0		0		
spr	s1	SPR assay design — ternary complex	0		0		
spr	s2	Running buffer &amp; surface prep	0		0		
spr	s3	Protocol — binary binding (PROTAC vs. immobilised VCB)	0		0		
spr	s4	Protocol — ternary complex (pre-formed PROTAC:POI vs. VCB)	0		0		
spr	s5	Interpreting results in the degrader context	0		0		
strap	s1	Reduction	0		0		
strap	s2	Alkylation	0		0		
strap	s3	Acidify	0		0		
strap	s4	Trap protein on S-Trap	0		0		
strap	s5	Wash × 3	0		0		
strap	s6	Trypsin digestion	0	16.0	0		overnight
strap	s7	Elution	1		0	the previous stage ends with a wait	overnight
ternary	s1	Why model it?	0		0		
ternary	s2	Step 1 — Gather your starting structures	0		0		
ternary	s3	Step 2 — Predict the ternary complex	0		0		
ternary	s4	Step 3 — Evaluate the model in PyMOL	0		0		
ternary	s5	Step 4 — Linker length estimation	0		0		
transfection	s1	Day 0 — Seeding	0	24.0	0	stated in the stage name	Day 0 — Seeding
transfection	s2	Day 1 — Transfection	1		1	stated in the stage name	Day 1 — Transfection
transfo	s1	Preparation	0		0		
transfo	s2	Transformation	0		0		
transfo	s3	Plating	0	16.0	0		overnight
transfo	s4	Colony selection	1	16.0	0	the previous stage ends with a wait	overnight
trfret	s1	Principle &amp; key parameters	0		0		
trfret	s2	Reagents &amp; setup	0		0		
trfret	s3	Optimisation (stepwise, after Lin &amp; Chen, ACS Pharmacol.	0		0		
trfret	s4	Protocol — 384-well setup (20 uL)	0	17.0	0		Incubate at room temperature for  17.0 hours
westernblot	s1	Cell lysis	0		0		
westernblot	s2	BCA protein quantification	0		0		
westernblot	s3	SDS-PAGE	0		0		
westernblot	s4	Transfer &amp; blotting	0	16.0	0		overnight
westernblot	s5	Next day	1	24.0	0	the previous stage ends with a wait	overnight
